{ 
  "student": [
   {
     "id": 1,
     "name"      : "Bablu",
     "location" : "Bhadohi",
     "phone"    : 6386993420,
     "course"    :[
     "java", "selenium"
   ]
},
   {
     "id": 2,
     "name"      : "Ramesh",
     "location" : "Varanasi",
     "phone"    : 8303545399,
     "course"    :[
     "Manual Testing", "Automation Testing"
]
},
  {
     "id": 3,
     "name"      : "Ganesh",
     "location" : "Mirzapur",
     "phone"    : 7603545399,
     "course"    :[
     "GUl Testing", "UsabilityTesting"
]
}
]
}