<?xml version="1.0" encoding="UTF-8"?>
<!DOCTYPE suite SYSTEM "https://testng.org/testng-1.0.dtd">
<suite name=" Suite" >
	
	<test name= "chrome run">
		<parameter name="browser" value="chrome">
		</parameter>
		<parameter name="url" value="http://localhost:8888">
		</parameter>
		
		<classes>
		<class name="org.jumia.vtiger.testScripts.TextCase_VtigerAutomate2">
			<methods>
					<include name="verifyImportLead">
					</include>
					
				</methods>
					</class>
		</classes>
	</test>
	
	
</suite> <!-- Suite -->
