<?xml version="1.0" encoding="UTF-8"?>
<!DOCTYPE suite SYSTEM "https://testng.org/testng-1.0.dtd">
<suite name=" Suite"  >
	
	<test name= "chrome run">
		<parameter name="browser" value="chrome">
		</parameter>
		<parameter name="url" value="http://localhost:8888">
		</parameter>
		<groups>
			<run>
				<include name="Regression">
				</include>
			</run>
		</groups>
		<classes>
			<class name="org.jumia.vtiger.testScripts.TestScript">
			</class>
		</classes>
	</test>
	
	<test name= "firefox run">
		<parameter name="browser" value="firefox">
		</parameter>
		<parameter name="url" value="http://localhost:8888">
		</parameter>
		<groups>
			<run>
				<include name="Regression">
				</include>
			</run>
		</groups>
		<classes>
			<class name="org.jumia.vtiger.testScripts.TestScript">
				
			</class>
		</classes>
	</test>
</suite> <!-- Suite -->
